,City,Lat,Lng,Max Temp,Humidity,Cloudiness,Wind Speed,Country,Date
0,Mataura,-46.1927,168.8643,43.45,83,82,6.04,NZ,1595624400
1,Tautira,-17.7333,-149.15,76.5,74,16,16.58,PF,1595624400
2,Pevek,69.7008,170.3133,45.59,71,89,7.61,RU,1595624400
3,Vryheid,-27.7695,30.7917,48.25,90,19,6.55,ZA,1595624400
4,Ribeira Grande,38.5167,-28.7,72.0,67,10,7.56,PT,1595624400
5,Clovis,36.8252,-119.7029,95.27,27,10,3.27,US,1595624400
6,Clyde River,70.4692,-68.5914,49.35,72,62,4.79,CA,1595624400
7,Korla,41.7597,86.1469,81.09,49,0,9.26,CN,1595624400
8,Hobart,-42.8794,147.3294,42.87,77,69,5.3,AU,1595624400
9,Kapaa,22.0752,-159.319,79.5,75,89,13.24,US,1595624400
10,Rikitea,-23.1203,-134.9692,68.45,57,8,12.33,PF,1595624400
11,Husavik,66.0449,-17.3389,45.14,78,59,9.4,IS,1595624400
12,Hermanus,-34.4187,19.2345,60.01,75,0,1.95,ZA,1595624400
13,Port Alfred,-33.5906,26.891,67.59,37,0,8.55,ZA,1595624400
14,São Félix do Xingu,-6.6447,-51.995,90.3,37,67,1.7,BR,1595624400
15,Nanortalik,60.1432,-45.2371,45.82,92,100,9.1,GL,1595624400
16,Chicama,-7.8447,-79.1469,70.77,61,52,10.54,PE,1595624400
17,Broken Hill,-31.95,141.4333,51.04,85,71,9.22,AU,1595624400
18,Rincon,32.296,-81.2354,92.01,67,72,9.64,US,1595624400
19,Cidreira,-30.1811,-50.2056,67.3,72,100,2.39,BR,1595624400
20,Vientiane,17.9667,102.6,80.53,83,19,3.13,LA,1595624400
21,Byron Bay,-28.65,153.6167,62.22,89,73,8.16,AU,1595624400
22,Pitimbu,-7.4706,-34.8086,79.48,69,12,15.41,BR,1595624400
23,Ushuaia,-54.8,-68.3,33.12,94,92,7.29,AR,1595624400
24,Inuvik,68.3499,-133.7218,69.4,46,74,7.94,CA,1595624400
25,Cherskiy,68.75,161.3,69.17,64,3,0.76,RU,1595624400
26,Zabid,14.1951,43.3152,89.35,55,100,10.07,YE,1595624400
27,Kodinsk,58.6881,99.1844,48.88,91,25,3.27,RU,1595624400
28,Birao,10.2849,22.7882,76.17,78,41,5.79,CF,1595624400
29,Huarmey,-10.0681,-78.1522,67.69,68,68,14.47,PE,1595624400
30,Kushiro,42.975,144.3747,60.12,90,100,5.48,JP,1595624400
31,Half Moon Bay,37.4636,-122.4286,63.45,80,82,9.82,US,1595624400
32,Carnarvon,-24.8667,113.6333,66.13,54,0,10.94,AU,1595624400
33,New Norfolk,-42.7826,147.0587,40.41,86,100,2.84,AU,1595624400
34,Lebu,-37.6167,-73.65,49.89,74,97,10.09,CL,1595624400
35,East London,-33.0153,27.9116,65.8,41,0,7.0,ZA,1595624400
36,Roald,62.5833,6.1333,55.67,71,10,13.82,NO,1595624400
37,Punta Arenas,-53.15,-70.9167,38.62,79,49,14.79,CL,1595624400
38,Daru,-9.0763,143.2092,76.93,86,91,15.23,PG,1595624400
39,City of San Pedro,14.35,121.0167,80.78,78,100,1.23,PH,1595624400
40,Chegdomyn,51.1167,133.0167,61.29,79,18,1.95,RU,1595624400
41,Sochi,43.6,39.7303,74.43,74,43,4.92,RU,1595624400
42,Ohafia,5.6167,7.8333,72.72,97,100,3.53,NG,1595624400
43,Syracuse,37.0881,15.2792,82.17,54,0,4.74,IT,1595624400
44,Hurghada,27.2574,33.8129,90.66,27,0,11.39,EG,1595624400
45,Mahébourg,-20.4081,57.7,68.36,60,65,22.08,MU,1595624400
46,Ahipara,-35.1667,173.1667,53.28,72,58,8.57,NZ,1595624400
47,Bluff,-46.6,168.3333,50.02,80,96,17.56,NZ,1595624400
48,Khowst,33.3833,69.8833,81.03,53,8,2.06,AF,1595624400
49,Maţāy,28.419,30.7792,86.83,22,0,12.1,EG,1595624400
50,Palauig,15.435,119.9045,81.99,72,91,5.48,PH,1595624400
51,Vaini,-21.2,-175.2,73.35,91,76,22.59,TO,1595624400
52,Qaanaaq,77.484,-69.3632,49.35,51,0,2.82,GL,1595624400
53,Aklavik,68.2191,-135.0107,67.93,48,87,5.91,CA,1595624400
54,Lavrentiya,65.5833,-171.0,47.68,73,93,4.9,RU,1595624400
55,Bikin,46.8161,134.26,62.78,93,10,1.57,RU,1595624400
56,Ponta Delgada,37.7333,-25.6667,70.88,67,53,3.71,PT,1595624400
57,Severo-Kuril'sk,50.6789,156.125,50.22,87,96,7.63,RU,1595624400
58,Bredasdorp,-34.5322,20.0403,53.19,74,0,1.23,ZA,1595624400
59,Deesa,24.25,72.1667,86.92,69,69,6.29,IN,1595624400
60,Hithadhoo,-0.6,73.0833,82.85,72,100,6.04,MV,1595624400
61,Yelkhovka,53.8667,50.2832,63.5,65,58,5.97,RU,1595624400
62,Longyearbyen,78.2186,15.6401,55.49,77,14,6.4,SJ,1595624400
63,Kavieng,-2.5744,150.7967,83.43,76,36,15.41,PG,1595624400
64,Baiyin,36.5583,104.2081,66.94,82,95,4.81,CN,1595624400
65,Krasnosel'kup,65.7,82.4667,55.6,69,95,10.04,RU,1595624400
66,Saint-Philippe,-21.3585,55.7679,64.47,64,75,15.46,RE,1595624400
67,Busselton,-33.65,115.3333,55.9,73,46,15.03,AU,1595624400
68,Nizip,37.0097,37.7942,84.36,49,0,7.16,TR,1595624400
69,Virginia Beach,36.8529,-75.978,84.88,69,87,9.13,US,1595624400
70,Rumuruti,0.267,36.5389,61.63,85,95,2.19,KE,1595624400
71,Nikolskoye,59.7035,30.7861,57.81,73,69,5.79,RU,1595624400
72,Pacific Grove,36.6177,-121.9166,61.5,75,62,13.69,US,1595624400
73,Dikson,73.5069,80.5464,43.74,93,13,9.98,RU,1595624400
74,Lakkí,37.1333,26.85,79.05,75,0,16.17,GR,1595624400
75,Albany,42.6001,-73.9662,82.72,46,77,4.38,US,1595624400
76,Omboué,-1.5746,9.2618,73.87,79,34,8.5,GA,1595624400
77,Avarua,-21.2078,-159.775,72.82,82,57,16.91,CK,1595624400
78,Shelburne,44.0787,-80.2041,79.03,52,33,1.14,CA,1595624400
79,Butaritari,3.0707,172.7902,82.4,78,7,17.02,KI,1595624400
80,Jiuquan,39.7432,98.5174,69.53,30,0,8.93,CN,1595624400
81,Sanguéya,10.7,-14.3667,76.59,92,98,3.74,GN,1595624400
82,Yangi Marg`ilon,40.4272,71.7189,78.69,43,37,4.83,UZ,1595624400
83,La Rioja,42.25,-2.5,67.5,63,13,3.71,ES,1595624400
84,Cape Town,-33.9258,18.4232,61.68,48,0,2.98,ZA,1595624400
85,Chernenko,44.365,39.3103,68.09,55,27,5.68,RU,1595624400
86,Ocampo,21.65,-101.5,76.35,42,59,8.55,MX,1595624400
87,Barra do Corda,-5.5,-45.25,90.05,36,3,2.66,BR,1595624400
88,Tranby,59.8167,10.25,59.05,68,16,3.06,NO,1595624400
89,Saskylakh,71.9167,114.0833,45.84,88,99,9.42,RU,1595624400
90,Nome,64.5011,-165.4064,54.25,67,80,6.55,US,1595624400
91,Jamestown,42.097,-79.2353,76.53,71,46,8.7,US,1595624400
92,Constitución,-35.3333,-72.4167,52.14,65,29,5.48,CL,1595624400
93,Manche,49.0,-1.1667,65.44,78,86,4.27,FR,1595624400
94,Stephenville,32.2207,-98.2023,93.52,38,55,12.77,US,1595624400
95,Kahului,20.8947,-156.47,81.39,59,11,11.14,US,1595624400
96,Sfântu Gheorghe,45.8667,25.7833,64.98,81,65,3.36,RO,1595624400
97,Yellowknife,62.456,-114.3525,53.91,83,95,6.76,CA,1595624400
98,Bac Lieu,9.285,105.7244,78.28,81,100,1.81,VN,1595624400
99,Dingle,10.9995,122.6711,75.9,85,98,2.1,PH,1595624400
100,Ponta do Sol,32.6667,-17.1,73.36,55,10,3.65,PT,1595624400
101,Atuona,-9.8,-139.0333,79.18,79,31,20.71,PF,1595624400
102,Câmara de Lobos,32.6333,-16.9667,73.2,57,10,4.83,PT,1595624400
103,Moussoro,13.6408,16.4901,88.83,46,10,7.23,TD,1595624400
104,Tiksi,71.6872,128.8694,62.87,66,14,9.62,RU,1595624400
105,Alice Springs,-23.7,133.8833,42.75,65,0,6.53,AU,1595624400
106,Moreira Sales,-24.0622,-53.0069,75.56,49,8,8.52,BR,1595624400
107,Koungou,-12.7336,45.2042,77.68,67,72,26.06,YT,1595624400
108,Tuatapere,-46.1333,167.6833,46.53,83,74,7.49,NZ,1595624400
109,Awjilah,29.1081,21.2869,83.3,40,0,16.6,LY,1595624400
110,Thompson,55.7435,-97.8558,69.51,90,95,5.21,CA,1595624400
111,Flinders,-34.5833,150.8552,53.37,85,69,5.86,AU,1595624400
112,Cabo San Lucas,22.8909,-109.9124,83.79,66,6,14.0,MX,1595624400
113,Brae,60.3964,-1.353,55.78,81,42,10.76,GB,1595624400
114,Christchurch,-43.5333,172.6333,40.69,86,0,2.86,NZ,1595624400
115,Harper,4.375,-7.7169,76.05,84,71,10.63,LR,1595624400
116,Khatanga,71.9667,102.5,40.21,93,100,12.24,RU,1595624400
117,Chuncheng,22.1731,111.7886,77.32,89,97,2.08,CN,1595624400
118,Mar del Plata,-38.0023,-57.5575,46.09,66,79,15.52,AR,1595624400
119,Mzimba,-11.9,33.6,52.86,75,7,8.25,MW,1595624400
120,Codrington,-38.2667,141.9667,40.5,88,25,3.83,AU,1595624400
121,Fortuna,40.5982,-124.1573,68.34,75,53,8.97,US,1595624400
122,Ciudad Bolivar,8.1222,-63.5497,87.35,61,64,6.53,VE,1595624400
123,Dunedin,-45.8742,170.5036,45.28,56,86,11.3,NZ,1595624400
124,Rzeszów,50.0413,21.999,65.7,71,91,6.62,PL,1595624400
125,Kailua,21.4022,-157.7394,79.12,75,78,16.22,US,1595624400
126,São Gabriel da Cachoeira,-0.1303,-67.0892,87.03,66,35,1.81,BR,1595624400
127,Linqiong,30.4159,103.4609,76.12,82,69,4.5,CN,1595624400
128,Atasū,48.6814,71.6433,72.99,41,38,11.43,KZ,1595624400
129,Saint George,37.1041,-113.5841,93.61,25,18,5.77,US,1595624400
130,Castro,-24.7911,-50.0119,67.15,62,0,5.3,BR,1595624400
131,Ilulissat,69.2167,-51.1,45.59,84,87,2.08,GL,1595624400
132,George Town,5.4112,100.3354,78.35,88,59,4.99,MY,1595624400
133,Barrow,71.2906,-156.7887,34.05,89,95,15.3,US,1595624400
134,Chui,-33.6971,-53.4616,48.65,91,100,7.63,UY,1595624400
135,Harrismith,-28.2728,29.1295,41.09,56,0,0.69,ZA,1595624400
136,Itarema,-2.9248,-39.9167,81.39,67,46,16.35,BR,1595624400
137,Abhā,18.2164,42.5053,69.06,72,87,7.54,SA,1595624400
138,Tuktoyaktuk,69.4541,-133.0374,57.76,64,58,2.59,CA,1595624400
139,Touros,-5.1989,-35.4608,79.84,73,38,17.0,BR,1595624400
140,Lüderitz,-26.6481,15.1594,70.99,24,0,4.34,NA,1595624400
141,Norman Wells,65.282,-126.8329,71.51,42,10,8.25,CA,1595624400
142,Port Elizabeth,-33.918,25.5701,65.62,52,0,8.7,ZA,1595624400
143,Ust'-Koksa,50.2696,85.6108,57.97,74,100,3.6,RU,1595624400
144,Kaitangata,-46.2817,169.8464,46.9,64,81,13.31,NZ,1595624400
145,Saint Paul Harbor,57.79,-152.4072,56.26,88,90,2.73,US,1595624400
146,Bambous Virieux,-20.3428,57.7575,68.23,60,66,22.44,MU,1595624400
147,Makkah al Mukarramah,21.4267,39.8261,92.12,34,80,2.01,SA,1595624400
148,Tura,25.5198,90.2201,74.44,97,100,5.21,IN,1595624400
149,Geraldton,-28.7667,114.6,58.91,66,0,15.93,AU,1595624400
150,Leningradskiy,69.3833,178.4167,45.45,75,90,11.16,RU,1595624400
151,Hilo,19.7297,-155.09,79.84,68,17,7.9,US,1595624400
152,Archidona,37.0965,-4.3887,84.79,47,0,3.4,ES,1595624400
153,Challans,46.8436,-1.8749,66.99,80,60,8.08,FR,1595624400
154,Broome,42.2506,-75.833,81.05,58,25,6.22,US,1595624400
155,Verkhoyansk,67.5447,133.385,75.96,43,97,2.01,RU,1595624400
156,Kiruna,67.8557,20.2251,52.25,87,97,1.57,SE,1595624400
157,Kirakira,-10.4544,161.9205,81.61,82,63,12.24,SB,1595624400
158,Puerto Escondido,15.85,-97.0667,87.75,60,64,7.54,MX,1595624400
159,Waipawa,-41.4122,175.5153,41.4,81,0,3.2,NZ,1595624400
160,Kemin,42.7846,75.6892,65.89,62,84,3.56,KG,1595624400
161,Bossier City,32.516,-93.7321,92.77,57,76,11.45,US,1595624400
162,São João da Barra,-21.6403,-41.0511,74.68,72,38,15.68,BR,1595624400
163,São Filipe,14.8961,-24.4956,77.34,78,82,4.99,CV,1595624400
164,Rognan,67.0953,15.3878,56.08,75,100,1.68,NO,1595624400
165,Sur,22.5667,59.5289,87.06,64,35,16.31,OM,1595624400
166,Krasnoarmeysk,51.0239,45.6969,64.22,48,50,6.69,RU,1595624400
167,Viedma,-40.8135,-62.9967,44.22,61,35,11.54,AR,1595624400
168,Kruisfontein,-34.0033,24.7314,62.4,28,0,9.08,ZA,1595624400
169,Shizunai-furukawachō,42.3339,142.3669,65.1,93,99,8.39,JP,1595624400
170,Bismarck,46.8083,-100.7837,82.8,52,49,4.59,US,1595624400
171,Plastun,44.7561,136.2939,58.68,93,100,3.56,RU,1595624400
172,Seoul,37.5683,126.9778,73.53,71,85,7.07,KR,1595624400
173,Bathsheba,13.2167,-59.5167,85.6,74,42,21.09,BB,1595624400
174,‘Āhuimanu,21.4447,-157.8378,79.74,73,85,14.34,US,1595624400
175,Arrondissement d'Ajaccio,42.0,8.9167,72.14,75,8,0.76,FR,1595624400
176,Atikokan,48.7555,-91.6216,82.65,60,19,13.69,CA,1595624400
177,Okoneshnikovo,54.8377,75.0834,59.31,72,92,6.55,RU,1595624400
178,Saint Anthony,45.0205,-93.218,90.84,54,8,13.13,US,1595624400
179,Cockburn Town,21.4612,-71.1419,84.07,77,72,18.57,TC,1595624400
180,Port Hardy,50.6996,-127.4199,61.74,67,82,15.03,CA,1595624400
181,Portel,-1.9356,-50.8211,87.35,58,59,3.15,BR,1595624400
182,Hofn,64.2539,-15.2082,53.82,54,56,5.88,IS,1595624400
183,Tabou,4.423,-7.3528,75.97,85,61,8.88,CI,1595624400
184,Anadyr,64.75,177.4833,57.02,69,85,16.08,RU,1595624400
185,Buala,-8.145,159.5921,82.36,80,88,9.44,SB,1595624400
186,Marovoay,-16.1,46.6333,66.51,58,50,7.76,MG,1595624400
187,Wodonga,-36.1167,146.8833,38.1,88,72,4.41,AU,1595624400
188,Tornio,65.8481,24.1466,58.42,87,99,9.37,FI,1595624400
189,Kathmandu,27.7167,85.3167,68.9,95,86,0.98,NP,1595624400
190,San Patricio,19.2167,-104.7,86.58,73,53,10.65,MX,1595624400
191,Damaturu,11.747,11.9608,79.52,65,3,9.69,NG,1595624400
192,Westport,41.1415,-73.3579,81.84,65,87,3.91,US,1595624400
193,San Cristobal,7.7669,-72.225,84.24,53,27,5.12,VE,1595624400
194,Coyhaique,-45.5752,-72.0662,39.54,85,95,9.24,CL,1595624400
195,Tekeli,44.83,78.8239,60.85,72,100,5.73,KZ,1595624400
196,Ji’an,27.1172,114.9793,81.88,77,97,2.62,CN,1595624400
197,Lompoc,34.6391,-120.4579,71.62,63,15,10.09,US,1595624400
198,Sitka,57.0531,-135.33,62.04,77,81,7.02,US,1595624400
199,Le Portel,50.7056,1.5757,63.23,90,73,11.83,FR,1595624400
200,San Quintín,30.4833,-115.95,70.12,63,48,11.9,MX,1595624400
201,Talnakh,69.4865,88.3972,51.66,67,17,7.9,RU,1595624400
202,Corowa,-36.0333,146.3833,37.9,85,88,5.44,AU,1595624400
203,Vouliagméni,37.8167,23.7833,81.88,44,0,10.45,GR,1595624400
204,Carutapera,-1.195,-46.02,83.32,69,63,9.13,BR,1595624400
205,Saint-Augustin,51.226,-58.6502,72.97,50,30,15.64,CA,1595624400
206,Puerto Ayora,-0.7393,-90.3518,71.82,75,86,12.06,EC,1595624400
207,Najrān,17.4924,44.1277,89.29,25,100,6.85,SA,1595624400
208,Steinbach am Taunus,50.1667,8.5667,73.09,49,29,4.94,DE,1595624400
209,Nizwá,22.9333,57.5333,84.24,58,13,5.93,OM,1595624400
210,Tsiroanomandidy,-18.7667,46.0333,56.14,64,0,5.41,MG,1595624400
211,Yacuiba,-22.038,-63.6797,54.37,45,69,9.42,BO,1595624400
212,Darnah,32.767,22.6367,77.16,71,0,13.65,LY,1595624400
213,Pahlgām,34.0333,75.3333,59.45,65,32,2.77,IN,1595624400
214,Chokurdakh,70.6333,147.9167,70.7,68,13,6.89,RU,1595624400
215,Aldan,58.6031,125.3894,59.27,94,97,2.98,RU,1595624400
216,Issoire,45.55,3.25,71.33,55,22,2.26,FR,1595624400
217,Hong Kong,22.2855,114.1577,84.6,80,96,10.45,HK,1595624400
218,Jaca,42.569,-0.5499,70.84,59,43,4.43,ES,1595624400
219,Amantea,39.1332,16.0746,77.83,68,0,2.17,IT,1595624400
220,Tiznit Province,29.5833,-9.5,83.34,37,0,2.51,MA,1595624400
221,Segezha,63.7415,34.3222,56.97,77,10,7.61,RU,1595624400
222,Laas,46.6166,10.7002,61.43,66,87,6.53,IT,1595624400
223,Verin Getashen,40.1333,45.2507,62.58,68,65,4.63,AM,1595624400
224,Hokitika,-42.7167,170.9667,45.19,80,75,5.03,NZ,1595624400
225,Ploemeur,47.7333,-3.4333,64.58,85,87,9.55,FR,1595624400
226,Faanui,-16.4833,-151.75,77.4,78,0,21.68,PF,1595624400
227,Haines Junction,60.7522,-137.5108,59.63,61,88,8.03,CA,1595624400
228,Tongling,30.95,117.7833,69.31,93,100,1.23,CN,1595624400
229,Baykit,61.67,96.37,50.47,89,77,3.24,RU,1595624400
230,Saldanha,-33.0117,17.9442,61.02,57,0,0.65,ZA,1595624400
231,Neuquén,-38.9516,-68.0591,47.61,49,26,28.19,AR,1595624400
232,College,64.8569,-147.8028,60.94,73,87,6.85,US,1595624400
233,Shache,38.4167,77.2406,78.94,21,43,6.15,CN,1595624400
234,Mwinilunga,-11.7358,24.4293,56.37,43,0,4.45,ZM,1595624400
235,Caxito,-8.5785,13.6643,69.57,88,16,2.39,AO,1595624400
236,Beringovskiy,63.05,179.3167,56.37,64,64,6.44,RU,1595624400
237,Hope,33.6671,-93.5916,93.42,54,2,9.35,US,1595624400
238,Sibu,2.3,111.8167,74.05,98,68,1.72,MY,1595624400
239,Esperance,-33.8667,121.9,49.3,85,3,14.63,AU,1595624400
240,Ajdabiya,30.7554,20.2263,75.81,81,0,10.45,LY,1595624400
241,Akranes,64.3218,-22.0749,50.86,61,12,18.86,IS,1595624400
242,Rafai,4.95,23.9167,71.55,92,98,1.54,CF,1595624400
243,Mandiana,10.6333,-8.6833,78.73,87,96,3.0,GN,1595624400
244,Modra,48.334,17.3071,65.59,89,87,3.06,SK,1595624400
245,Tianpeng,30.9866,103.9393,75.79,82,69,2.33,CN,1595624400
246,Pathein,16.7833,94.7333,80.22,85,66,5.1,MM,1595624400
247,Akure,7.2526,5.1931,71.73,97,79,3.89,NG,1595624400
248,La Ronge,55.1001,-105.2842,73.45,63,38,11.41,CA,1595624400
249,Yaksatovo,46.2434,48.0151,78.42,29,39,7.09,RU,1595624400
250,Örnsköldsvik,63.2909,18.7153,53.19,89,93,8.16,SE,1595624400
251,San Jose,37.3394,-121.895,86.85,40,1,6.76,US,1595624400
252,Guarujá,-23.9931,-46.2564,75.74,78,0,2.37,BR,1595624400
253,Diffa,13.3154,12.6113,91.09,41,23,6.51,NE,1595624400
254,Waycross,31.2136,-82.354,92.95,46,33,9.28,US,1595624400
255,Lewisporte,49.2499,-55.0482,69.08,69,86,5.44,CA,1595624400
256,Jalu,29.0331,21.5482,83.79,34,0,16.73,LY,1595624400
257,Faya,18.3851,42.4509,69.31,72,87,6.67,SA,1595624400
258,Nantucket,41.2835,-70.0995,75.47,81,87,8.81,US,1595624400
259,Pital,2.2665,-75.8044,75.43,70,93,2.8,CO,1595624400
260,Auki,-8.7676,160.7034,81.03,83,53,5.35,SB,1595624400
261,Karabulak,43.3036,44.8964,72.66,60,56,5.7,RU,1595624400
262,Ābdānān,32.9926,47.4198,85.39,14,3,4.94,IR,1595624400
263,Bandarbeyla,9.4942,50.8122,76.95,74,22,27.18,SO,1595624400
264,Los Llanos de Aridane,28.6585,-17.9182,71.37,73,14,12.86,ES,1595624400
265,Yulara,-25.2406,130.9889,45.61,62,0,10.09,AU,1595624400
266,Tasiilaq,65.6145,-37.6368,41.47,78,61,1.92,GL,1595624400
267,Sørland,67.667,12.6934,53.28,87,59,2.86,NO,1595624400
268,Notre-Dame-du-Lac,47.6136,-68.7964,80.04,35,30,6.78,CA,1595624400
269,Ugoofaaru,5.6667,73.0,82.47,78,100,17.72,MV,1595624400
270,Kristinehamn,59.3098,14.1081,58.53,64,53,6.91,SE,1595624400
271,Payakumbuh,-0.2202,100.6308,69.66,90,55,1.19,ID,1595624400
272,Launceston,-41.45,147.1667,40.08,86,95,1.66,AU,1595624400
273,Bethel,41.3712,-73.414,81.27,62,49,2.51,US,1595624400
274,Balkanabat,39.5108,54.3671,91.85,30,28,7.27,TM,1595624400
275,Airai,-8.9266,125.4092,51.76,87,38,3.06,TL,1595624400
276,Henties Bay,-22.116,14.2845,71.85,31,0,12.24,NA,1595624400
277,Chu,43.5983,73.7614,75.45,64,52,8.57,KZ,1595624400
278,Lapua,62.9693,23.0088,51.93,98,99,10.4,FI,1595624400
279,Hualmay,-11.0964,-77.6139,66.67,69,73,13.87,PE,1595624400
280,Ljungby,56.8332,13.9408,56.23,93,37,6.11,SE,1595624400
281,Kenda,23.2,86.5333,80.15,82,98,3.58,IN,1595624400
282,Xai-Xai,-25.0519,33.6442,64.24,80,25,7.11,MZ,1595624400
283,Chapais,49.7834,-74.8492,80.22,35,53,7.99,CA,1595624400
284,Chernyshevskiy,63.0128,112.4714,54.41,85,62,5.01,RU,1595624400
285,Devrek,41.2192,31.9558,65.25,75,0,3.6,TR,1595624400
286,Sisimiut,66.9395,-53.6735,49.23,82,93,5.41,GL,1595624400
287,Asău,46.4333,26.4,62.58,88,60,2.33,RO,1595624400
288,Nhulunbuy,-12.2333,136.7667,73.98,84,0,11.56,AU,1595624400
289,Pindamonhangaba,-22.9239,-45.4617,74.55,41,0,2.19,BR,1595624400
290,Podor,16.6527,-14.9587,94.19,47,40,18.77,MR,1595624400
291,Burgersdorp,-30.9977,26.3286,43.97,49,0,1.97,ZA,1595624400
292,Waingapu,-9.6567,120.2641,69.98,79,23,8.88,ID,1595624400
293,Port Augusta,-32.5,137.7667,44.15,88,38,1.3,AU,1595624400
294,Sungai Raya,0.7,108.9,77.31,86,98,1.68,ID,1595624400
295,Katubao,5.8892,124.8294,79.41,73,98,3.56,PH,1595624400
296,Port Lincoln,-34.7333,135.8667,50.52,85,32,2.93,AU,1595624400
297,Kiunga,-6.1219,141.2906,73.04,98,98,3.02,PG,1595624400
298,Sumbe,-11.2061,13.8437,70.18,88,14,7.58,AO,1595624400
299,Igrim,63.1906,64.4162,53.71,72,31,4.56,RU,1595624400
300,Verkhnevilyuysk,63.4453,120.3167,64.51,80,92,4.12,RU,1595624400
301,Kavaratti,10.5669,72.642,78.94,88,100,19.37,IN,1595624400
302,Nyurba,63.2842,118.3319,62.26,83,87,2.19,RU,1595624400
303,Saint-Pierre,-21.3393,55.4781,64.45,62,53,16.35,RE,1595624400
304,Pochutla,15.7432,-96.4661,88.84,61,67,5.99,MX,1595624400
305,Tshela,-4.9833,12.9333,71.29,76,26,3.29,CD,1595624400
306,Altay,47.8667,88.1167,64.6,48,6,4.5,CN,1595624400
307,Mount Isa,-20.7333,139.5,57.69,56,0,9.66,AU,1595624400
308,Linguère,15.3953,-15.1193,97.05,39,34,7.43,SN,1595624400
309,Chokwé,-24.5333,32.9833,61.68,84,24,4.65,MZ,1595624400
310,Phan Thiet,10.9333,108.1,75.74,87,77,3.62,VN,1595624400
311,Española,35.9911,-106.0806,82.81,42,71,10.09,US,1595624400
312,Provideniya,64.3833,-173.3,49.64,74,73,4.88,RU,1595624400
313,Camocim,-2.9022,-40.8411,84.78,60,42,15.88,BR,1595624400
314,Peleduy,59.6289,112.7406,58.82,85,76,6.93,RU,1595624400
315,Port Blair,11.6667,92.75,82.11,78,51,4.05,IN,1595624400
316,Mossamedes,-15.1961,12.1522,68.32,81,0,6.08,AO,1595624400
317,Abay,49.6311,72.8539,67.95,67,45,13.11,KZ,1595624400
318,Ulaanbaatar,47.9077,106.8832,64.83,74,87,1.95,MN,1595624400
319,Suntar,62.1444,117.6319,61.7,87,90,3.13,RU,1595624400
320,Hambantota,6.1241,81.1185,80.33,81,93,15.84,LK,1595624400
321,Havre-St-Pierre,50.2334,-63.5986,67.01,70,9,21.32,CA,1595624400
322,Talakan,50.3167,130.3667,65.1,85,96,4.12,RU,1595624400
323,Lac du Bonnet,50.2536,-96.0612,91.13,75,56,14.83,CA,1595624400
324,Whitianga,-36.8333,175.7,51.33,82,57,3.29,NZ,1595624400
325,Acajutla,13.5928,-89.8275,85.01,72,23,4.59,SV,1595624400
326,Kutum,14.2,24.6667,86.4,27,30,8.1,SD,1595624400
327,Dhidhdhoo,6.8833,73.1,81.88,80,100,20.78,MV,1595624400
328,Mount Gambier,-37.8333,140.7667,39.61,94,41,3.96,AU,1595624400
329,Djebeniana,35.035,10.9081,84.47,56,0,10.6,TN,1595624400
330,Labuhan,-6.8844,112.2051,74.25,82,98,10.02,ID,1595624400
331,Camaná,-16.6228,-72.7111,62.22,74,71,13.04,PE,1595624400
332,Madimba,-10.4,40.3333,74.53,70,57,13.89,TZ,1595624400
333,Dwārka,22.2394,68.9678,84.49,80,39,14.85,IN,1595624400
334,Blagoveshchenka,52.8333,79.8667,61.29,94,100,10.87,RU,1595624400
335,Felanitx,39.4696,3.1483,79.23,63,17,6.26,ES,1595624400
336,Sungai Padi,6.0851,101.8766,76.39,90,56,2.53,TH,1595624400
337,Srednekolymsk,67.45,153.6833,81.3,40,0,6.82,RU,1595624400
338,Bintulu,3.1667,113.0333,76.23,95,69,4.52,MY,1595624400
339,Eskişehir,39.7767,30.5206,68.85,57,0,4.81,TR,1595624400
340,Nagato,34.3833,131.2,74.07,84,68,13.31,JP,1595624400
341,Lorengau,-2.0226,147.2712,82.65,79,93,9.69,PG,1595624400
342,Allāpalli,19.4167,80.0667,75.22,92,91,2.55,IN,1595624400
343,Tateyama,34.9833,139.8667,77.36,95,96,8.97,JP,1595624400
344,Safi,32.2994,-9.2372,75.2,75,0,19.24,MA,1595624400
345,Wasilla,61.5814,-149.4394,55.71,79,69,2.8,US,1595624400
346,Arraial do Cabo,-22.9661,-42.0278,75.7,75,0,25.17,BR,1595624400
347,Poum,-20.2333,164.0167,74.01,83,15,15.08,NC,1595624400
348,Manado,1.487,124.8455,77.07,84,85,3.18,ID,1595624400
349,Nouadhibou,20.931,-17.0347,75.02,77,13,12.62,MR,1595624400
350,Al Bardīyah,31.7561,25.0865,75.56,79,0,16.2,LY,1595624400
351,Katsuura,35.1333,140.3,77.47,91,92,9.64,JP,1595624400
352,Dabakala,8.3667,-4.4333,76.08,90,54,3.33,CI,1595624400
353,Marathon,44.9,-89.7668,77.79,67,87,9.17,US,1595624400
354,Mahabalipuram,12.6264,80.1722,84.65,80,69,13.02,IN,1595624400
355,Maïné Soroa,13.2114,12.0241,91.9,39,22,5.01,NE,1595624400
356,Mutsu,41.2894,141.2169,68.79,96,95,3.09,JP,1595624400
357,Laguna,38.421,-121.4238,93.49,35,1,9.1,US,1595624400
358,Cortez,37.3489,-108.5859,78.48,48,90,10.74,US,1595624400
359,Caravelas,-17.7125,-39.2481,73.38,71,4,5.19,BR,1595624400
360,Ulladulla,-35.35,150.4667,48.96,93,85,3.44,AU,1595624400
361,Campos dos Goytacazes,-21.75,-41.3,73.36,73,41,8.86,BR,1595624400
362,Cayenne,4.9333,-52.3333,85.66,71,49,11.14,GF,1595624400
363,Sudova Vyshnya,49.7889,23.3722,64.29,81,96,6.06,UA,1595624400
364,Karasjok,69.4719,25.5112,60.1,86,69,10.33,NO,1595624400
365,Ust-Kuyga,70.0167,135.6,74.32,65,8,0.43,RU,1595624400
366,Tegul'det,57.3064,88.1667,52.95,94,55,3.51,RU,1595624400
367,Yambio,4.5721,28.3955,68.59,94,96,2.17,SS,1595624400
368,Punta Alta,-38.8759,-62.0736,42.93,64,79,14.88,AR,1595624400
369,Biak,-0.9131,122.8766,75.99,80,66,6.51,ID,1595624400
370,Jieshi,22.8134,115.8257,84.22,84,98,11.83,CN,1595624400
371,Bengkulu,-3.8004,102.2655,75.02,89,72,3.65,ID,1595624400
372,Ostrovnoy,68.0531,39.5131,63.5,80,51,5.39,RU,1595624400
373,Freeport,40.6576,-73.5832,81.12,74,95,2.93,US,1595624400
374,Angoram,-4.0625,144.0661,73.51,97,82,2.13,PG,1595624400
375,Grand Gaube,-20.0064,57.6608,68.61,63,52,25.97,MU,1595624400
376,Manggar,-2.8833,108.2667,80.46,80,65,12.1,ID,1595624400
377,Manakara,-22.1333,48.0167,63.68,83,38,10.16,MG,1595624400
378,Shiyan,32.6475,110.7781,68.45,89,100,0.83,CN,1595624400
379,Port-Gentil,-0.7193,8.7815,75.85,77,70,13.24,GA,1595624400
380,Oeiras do Pará,-2.0031,-49.8544,89.11,52,46,1.99,BR,1595624400
381,São Geraldo do Araguaia,-6.4006,-48.555,91.92,30,62,3.06,BR,1595624400
382,Bonthe,7.5264,-12.505,76.84,84,99,10.31,SL,1595624400
383,Tairua,-37.0167,175.85,51.42,76,58,3.87,NZ,1595624400
384,Jiwani,25.05,61.7417,83.41,84,29,12.19,PK,1595624400
385,Dubuque,42.4833,-90.8668,81.36,68,24,7.16,US,1595624400
386,Bubaque,11.2833,-15.8333,80.53,81,100,11.79,GW,1595624400
387,Stodolishche,54.1859,32.6492,52.72,84,9,5.26,RU,1595624400
388,Kokopo,-4.352,152.2633,79.11,80,26,8.97,PG,1595624400
389,Natal,-5.795,-35.2094,79.68,72,26,14.9,BR,1595624400
390,Olafsvik,64.8945,-23.7142,47.88,66,40,18.72,IS,1595624400
391,Majene,-3.5403,118.9707,75.65,86,71,11.05,ID,1595624400
392,Sechura,-5.5569,-80.8222,73.72,59,22,18.19,PE,1595624400
393,Brigantine,39.4101,-74.3646,77.14,78,87,4.29,US,1595624400
394,Puerto Colombia,10.9878,-74.9547,84.25,74,87,13.65,CO,1595624400
395,Camacha,33.0833,-16.3333,69.62,85,10,17.54,PT,1595624400
396,Aksu,41.1231,80.2644,78.69,27,0,2.04,CN,1595624400
397,Agadez,19.75,10.25,90.27,15,0,1.95,NE,1595624400
398,Kruszwica,52.6756,18.3313,67.86,68,28,8.41,PL,1595624400
399,Lubumbashi,-11.6609,27.4794,55.44,49,0,6.85,CD,1595624400
400,Ca Mau,9.1769,105.15,75.76,87,100,2.57,VN,1595624400
401,Jennings,38.7192,-90.2604,88.11,59,41,8.21,US,1595624400
402,Kabale,-1.2486,29.9899,63.82,67,91,2.24,UG,1595624400
403,Egvekinot,66.3167,-179.1667,50.45,68,47,3.8,RU,1595624400
404,Fukuechō,32.6881,128.8419,75.0,81,92,18.25,JP,1595624400
405,Iqaluit,63.7506,-68.5145,53.62,56,81,6.4,CA,1595624400
406,Chimoré,-16.9833,-65.1333,78.3,75,99,1.48,BO,1595624400
407,Kapit,2.0167,112.9333,73.24,94,99,0.51,MY,1595624400
408,Clarence Town,-32.5833,151.7833,47.5,96,0,3.38,AU,1595624400
409,Pangoa,-12.1167,-73.0,84.0,51,83,3.98,PE,1595624400
410,Padang,-0.9492,100.3543,78.17,79,95,5.41,ID,1595624400
411,La Santisima Trinidad,-14.8333,-64.9,91.83,41,53,5.28,BO,1595624400
412,Jacmel,18.2342,-72.5347,85.03,66,11,9.42,HT,1595624400
413,Jambi City,-1.6,103.6167,73.08,97,79,2.89,ID,1595624400
414,Upernavik,72.7868,-56.1549,46.42,79,80,3.27,GL,1595624400
415,Bowen,-20.0167,148.2333,62.62,90,30,8.14,AU,1595624400
416,Burley,42.5357,-113.7928,88.93,30,1,11.03,US,1595624400
417,Verkh-Usugli,52.7,115.1667,57.83,95,13,3.51,RU,1595624400
418,Necochea,-38.5473,-58.7368,42.4,78,77,20.36,AR,1595624400
419,Pontianak,-0.0333,109.3333,74.89,92,88,1.66,ID,1595624400
420,Terrace Bay,48.7834,-87.1,64.67,74,37,8.19,CA,1595624400
421,Buritis,-15.6178,-46.4233,81.3,36,6,4.9,BR,1595624400
422,Udachny,66.4167,112.4,59.09,71,73,3.04,RU,1595624400
423,Giohar,2.7809,45.5005,74.07,76,59,11.81,SO,1595624400
424,Tres Arroyos,-38.3739,-60.2798,41.95,66,89,10.07,AR,1595624400
425,Grants Pass,42.439,-123.3284,86.81,34,1,6.78,US,1595624400
426,Shakawe,-18.3667,21.85,56.07,45,16,5.84,BW,1595624400
427,Hasaki,35.7333,140.8333,76.73,94,80,10.38,JP,1595624400
428,Hamilton,39.1834,-84.5333,88.57,48,10,4.21,US,1595624400
429,Qaryat Sulūq,31.6682,20.2521,75.92,72,0,9.93,LY,1595624400
430,Ixtapa,20.7,-105.2,84.54,77,68,5.1,MX,1595624400
431,Imbituba,-28.24,-48.6703,71.62,72,30,12.62,BR,1595624400
432,Pemangkat,1.1667,108.9667,75.94,88,89,3.85,ID,1595624400
433,Kingsport,36.5484,-82.5618,85.41,66,67,6.71,US,1595624400
434,Hobyo,5.3505,48.5268,77.54,71,48,25.23,SO,1595624400
435,Ola,59.5833,151.2833,56.97,83,35,2.8,RU,1595624400
436,Calvinia,-31.4707,19.776,56.88,35,0,7.23,ZA,1595624400
437,Fairbanks,64.8378,-147.7164,61.09,72,87,6.91,US,1595624400
438,Smithers,54.7804,-127.1743,66.02,60,78,6.89,CA,1595624400
439,Xianshuigu,38.985,117.3828,83.3,46,72,4.63,CN,1595624400
440,Mabama,-5.1333,32.5333,67.12,38,0,5.32,TZ,1595624400
441,Matagalpa,12.9256,-85.9175,82.98,56,17,7.14,NI,1595624400
442,Bayangol,50.6977,103.4656,57.15,91,100,3.0,RU,1595624400
443,Tilichiki,60.4667,166.1,60.04,65,31,4.32,RU,1595624400
444,Honiara,-9.4333,159.95,80.76,87,38,4.16,SB,1595624400
445,Lithakia,37.7167,20.8333,82.44,57,0,3.78,GR,1595624400
446,Chara,56.9064,118.2631,54.9,83,31,1.25,RU,1595624400
447,Vila Franca do Campo,37.7167,-25.4333,70.65,67,53,0.92,PT,1595624400
448,Tevriz,57.509,72.4042,53.11,95,22,3.22,RU,1595624400
449,Santiago del Estero,-27.7951,-64.2615,58.19,35,27,5.08,AR,1595624400
450,Kinablangan,7.6947,126.5503,78.51,79,100,4.21,PH,1595624400
451,Mikhaylovka,50.06,43.2379,61.92,60,20,4.34,RU,1595624400
452,Şuhut,38.5311,30.5458,70.11,35,0,4.7,TR,1595624400
453,Gizo Government Station,-8.103,156.8419,82.31,79,95,13.49,SB,1595624400
454,Qaqortoq,60.7167,-46.0333,51.75,80,87,6.4,GL,1595624400
455,Lyuban',52.7985,28.0048,57.87,80,66,5.44,BY,1595624400
456,Korop,51.5664,32.9586,56.48,76,29,3.6,UA,1595624400
457,Ürümqi,43.801,87.6005,77.92,26,0,3.04,CN,1595624400
458,Río Gallegos,-51.6226,-69.2181,37.63,90,83,15.79,AR,1595624400
459,Yar,58.249,52.1026,58.41,97,100,3.94,RU,1595624400
460,Halifax,44.6453,-63.5724,77.05,61,82,1.99,CA,1595624400
461,Porto Nacional,-10.7081,-48.4172,88.57,30,25,4.43,BR,1595624400
462,Huilong,31.8111,121.655,72.68,88,1,11.01,CN,1595624400
463,Luena,-11.7833,19.9167,55.69,39,8,3.74,AO,1595624400
464,Marawi,7.9986,124.2928,71.01,94,84,2.46,PH,1595624400
465,Vicuña,-30.0319,-70.7081,59.92,36,0,1.88,CL,1595624400
466,Iskateley,67.6803,53.1512,62.13,65,0,11.14,RU,1595624400
467,Mayahi,13.9553,7.6712,89.6,44,42,7.23,NE,1595624400
468,Nuristan,35.3,70.8333,45.19,64,10,5.99,AF,1595624400
469,Chifeng,42.2683,118.9636,72.19,46,54,1.79,CN,1595624400
470,Port Keats,-14.25,129.55,68.65,39,0,14.99,AU,1595624400
471,Narsaq,60.9167,-46.05,53.31,77,87,6.38,GL,1595624400
472,Sidvokodvo,-26.6282,31.4202,58.87,76,55,1.81,SZ,1595624400
473,Papara,-3.9839,-38.7273,79.36,64,25,4.7,BR,1595624400
474,Koslan,63.4564,48.8989,59.58,88,7,2.28,RU,1595624400
475,Niigata,37.9022,139.0236,71.4,95,87,3.53,JP,1595624400
476,Aginskoye,51.1,114.53,62.38,85,36,5.12,RU,1595624400
477,Pisco,-13.7,-76.2167,69.67,59,0,8.16,PE,1595624400
478,Vao,-22.6667,167.4833,70.99,83,84,18.57,NC,1595624400
479,Griffith,41.5284,-87.4237,84.78,58,30,3.94,US,1595624400
480,Paamiut,61.994,-49.6678,47.3,93,90,5.77,GL,1595624400
481,Nabire,-3.3667,135.4833,76.12,87,96,3.56,ID,1595624400
482,Yefremov,53.1481,38.0992,54.77,89,22,4.56,RU,1595624400
483,Oodweyne,9.4092,45.064,73.45,56,34,15.17,SO,1595624400
484,Rio Grande,-32.035,-52.0986,55.04,87,95,14.99,BR,1595624400
485,Shitanjing,39.2342,106.3439,69.4,68,100,9.57,CN,1595624400
486,Puerto El Triunfo,13.2833,-88.55,87.13,70,15,7.7,SV,1595624400
487,Kazachinskoye,57.6953,93.2761,50.86,94,3,2.13,RU,1595624400
488,Huayang,34.4155,109.9939,58.98,100,100,1.1,CN,1595624400
489,Ancud,-41.8697,-73.8203,47.12,82,95,14.81,CL,1595624400
490,Turukhansk,65.8167,87.9833,54.3,80,90,3.4,RU,1595624400
491,Belmonte,-15.8631,-38.8828,74.43,71,21,8.23,BR,1595624400
492,Neosho,36.869,-94.368,90.54,52,44,4.14,US,1595624400
493,Port Macquarie,-31.4333,152.9167,58.59,83,84,3.44,AU,1595624400
494,Eenhana,-17.4667,16.3333,62.29,35,0,7.58,NA,1595624400
495,Ustka,54.5805,16.8619,62.11,88,77,12.19,PL,1595624400
496,Vestmanna,62.1564,-7.1664,50.47,94,100,7.38,FO,1595624400
497,Oxford,51.7522,-1.256,66.38,73,69,6.82,GB,1595624400
498,Brădeşti,44.4833,23.6333,71.74,74,65,6.96,RO,1595624400
499,Baculin,7.4525,126.5842,78.67,75,100,4.09,PH,1595624400
500,Shubarshi,48.5872,57.1869,73.02,42,19,5.59,KZ,1595624400
501,Arrondissement de Saint-Denis,48.9167,2.3333,71.96,54,45,3.06,FR,1595624400
502,Zheleznodorozhnyy,55.7503,38.0042,57.63,65,13,3.49,RU,1595624400
503,Muscatine,41.4667,-91.1335,83.16,68,1,5.5,US,1595624400
504,Granada,37.1882,-3.6067,86.43,27,10,3.94,ES,1595624400
505,Klaksvík,62.2266,-6.589,51.39,93,100,7.99,FO,1595624400
506,Torbay,47.6666,-52.7314,55.15,99,95,3.04,CA,1595624400
507,Tromsø,69.6496,18.957,58.66,80,94,1.92,NO,1595624400
508,Bilibino,68.0546,166.4372,73.74,62,5,5.17,RU,1595624400
509,Monywa,22.1167,95.1333,85.14,72,83,4.16,MM,1595624400
510,Nālchiti,22.6333,90.2833,80.15,90,77,4.94,BD,1595624400
511,Rovaniemi,66.5,25.7167,54.86,92,69,5.08,FI,1595624400
512,Luís Correia,-2.8792,-41.6669,82.69,69,41,11.54,BR,1595624400
513,Kluang,2.0251,103.3328,75.58,93,50,0.92,MY,1595624400
514,Conceição da Barra,-18.5933,-39.7322,73.29,74,27,5.73,BR,1595624400
515,Elko,41.0002,-115.5012,85.55,18,1,11.5,US,1595624400
516,Flin Flon,54.7682,-101.865,83.7,72,71,6.13,CA,1595624400
517,Geilo,60.5333,8.2076,52.34,57,3,6.69,NO,1595624400
518,Preobrazheniye,42.9019,133.9064,63.25,89,95,10.13,RU,1595624400
519,Lagoa,39.05,-27.9833,70.12,76,0,10.45,PT,1595624400
520,Altamira,-3.2033,-52.2064,88.74,53,69,2.84,BR,1595624400
521,Kenai,60.5544,-151.2583,56.64,81,95,4.0,US,1595624400
522,Dolisie,-4.1997,12.6739,71.87,70,48,7.25,CG,1595624400
523,Juneau,58.3019,-134.4197,57.72,79,94,4.59,US,1595624400
524,Tabuk,17.4189,121.4443,73.99,87,61,2.21,PH,1595624400
525,Banda Aceh,5.5577,95.3222,78.93,80,90,5.12,ID,1595624400
526,San Luis Río Colorado,32.4631,-114.7767,104.4,22,1,14.61,MX,1595624400
527,Fiumicino,41.7675,12.2291,79.95,78,11,13.4,IT,1595624400
528,Agirish,61.9247,63.0231,54.03,69,47,4.56,RU,1595624400
529,Dzhebariki-Khaya,62.2167,135.8,67.96,65,0,2.13,RU,1595624400
530,Taoudenni,22.6783,-3.9836,109.53,7,0,14.54,ML,1595624400
531,Meulaboh,4.1363,96.1285,76.39,88,98,3.67,ID,1595624400
532,Kaeo,-35.1,173.7833,51.71,38,52,3.67,NZ,1595624400
533,Vila Velha,-20.3297,-40.2925,74.79,74,59,9.24,BR,1595624400
534,Plácido de Castro,-10.3353,-67.1856,94.05,35,8,2.57,BR,1595624400
535,Aripuanã,-9.1667,-60.6333,94.64,32,20,0.96,BR,1595624400
536,Kabo,7.6994,18.629,72.5,91,67,2.91,CF,1595624400
537,Esim,4.8699,-2.2405,76.68,82,71,8.23,GH,1595624400
538,Oranjestad,12.524,-70.027,84.31,75,87,17.0,AW,1595624400
539,Mount Hagen,-5.8581,144.2274,57.65,92,46,2.46,PG,1595624400
540,Buchanan,5.8808,-10.0467,76.48,90,87,11.54,LR,1595624400
541,Verāval,20.9,70.3667,83.95,80,87,9.89,IN,1595624400
542,Kamenka,51.3223,42.7678,58.23,66,26,0.65,RU,1595624400
543,Aksay,47.26,39.87,71.58,40,15,8.19,RU,1595624400
544,Galesburg,40.9478,-90.3712,82.22,66,1,3.96,US,1595624400
545,Nālūt,30.3333,10.85,85.84,15,0,12.19,LY,1595624400
546,Sangar,63.9242,127.4739,64.47,60,94,7.4,RU,1595624400
547,Conakry,9.538,-13.6773,78.85,85,100,14.9,GN,1595624400
548,Pāsighāt,28.0667,95.3333,77.85,80,81,0.83,IN,1595624400
549,Berezanka,46.8526,31.388,71.94,46,4,5.82,UA,1595624400
550,Cairns,-16.9167,145.7667,66.0,80,55,7.85,AU,1595624400
551,Oyama,36.3,139.8,75.47,84,87,3.38,JP,1595624400
552,Moctezuma,29.8,-109.6667,88.29,49,58,8.41,MX,1595624400
553,Provincia di Cagliari,39.245,9.0912,81.1,59,0,11.14,IT,1595624400
